{
	"starSystem":"aphrodite",
	"markets":[
		{
			"entities":["amor"],
			"faction":"keruvim",
			"size":7,
			"startingConditions":[
				"regional_capital",
				"population_7",
				"industrial_polity",
				"shipbreaking_center",
				"toxic_atmosphere",
				"ore_abundant",
				"rare_ore_moderate",
				"volatiles_abundant",
			],
			"industries":[
				"population",
				"megaport",
				"heavybatteries",
				"waystation",
				"starfortress_mid",
				["orbitalworks", "gamma_core", "pristine_nanoforge"],
				"mining",
				"highcommand",
				"refining",
			],
		},
		{
			"entities":["afecto"],
			"faction":"keruvim",
			"size":5,
			"startingConditions":[
				"population_5",
				"very_hot",
				"habitable",
				"pollution",
				"extreme_weather",
				"organics_common",
				"rare_ore_sparse",
			],
			"industries":[
				"population",
				"spaceport",
				"patrolhq",
				"mining",
				"grounddefenses",
				"lightindustry",
				["heavyindustry", "corrupted_nanoforge"],
				"orbitalstation_mid",

			],
		},
		{
			"entities":["cuidado"],
			"faction":"reaver",
			"size":4,
			"startingConditions":[
				"population_4",
				"thin_atmosphere",
				"low_gravity",
				"irradiated",
				"dark",
				"ore_abundant",
				"rare_ore_moderate",
			],
			"industries":[
				"population",
				"spaceport",
				"orbitalstation",
				"patrolhq",
				"mining",
				"grounddefenses",
				"refining",
			],
		},
	],
}



