{

"combatSmall":{
		"anvil_cutlass_assault":10,
		"anvil_axe_b_sniper":10,
		"anvil_axe_b_support":10,
		"anvil_axe_b_assault":10,
		"anvil_flamberge_assault":10,
		"anvil_flamberge_standard":10,
		"anvil_shotel_standard":10,
		"anvil_shotel_lgbt_standard":5,
		"anvil_brawler_xiv_standard":5,
		"anvil_shotel_sniper":10,
	},



"carrierSmall":{
		"anvil_buccaneer_standard":9,
		"anvil_buccaneer_support":8,
		"anvil_axe_a_strike":10,
		"anvil_axe_lgbt_standard":5,
		"anvil_axe_a_support":10,
		"anvil_zweihander_a_standard":10,
		"anvil_zweihander_lgbt_standard":5,
		"anvil_zweihander_a_sniper":10,
	},

"combatMedium":{
		"anvil_culverin_assault":10, 
		"anvil_culverin_support":10, 
		"anvil_culverin_lgbt_standard":5, 
		"anvil_bandit_assault":10,
		"anvil_bandit_standard":9,
		"anvil_mortar_assault":9,
		"anvil_mortar_standard":10,
		"anvil_mortar_support":9,
		"anvil_zweihander_a_standard":10,
		"anvil_zweihander_a_sniper":10,
		"anvil_zweihander_b_sniper":10,
		"anvil_zweihander_b_assault":10,
		"anvil_zweihander_p_standard":10,
		"anvil_zweihander_p_assault":10,
	},



"combatFreighterMedium":{
		"anvil_carrion_standard":10,

	},


	"carrierMedium":{
		"anvil_chariot_a_support":10,
		"anvil_chariot_a_assault":5,
		"anvil_chariot_a_strike":6,
	},


"combatLarge":{
		"anvil_brute_assault":10,
		"anvil_brute_standard":10,
		"anvil_cudgel_standard":10,
		"anvil_cudgel_runner":10,
		"anvil_glaive_standard":10,
		"anvil_glaive_sniper":10,
		"anvil_chariot_b_standard":10,
		"anvil_chariot_b_assault":5,
		"anvil_chariot_b_sniper":5,

	},

	"carrierLarge":{
		"anvil_empress_strike":10,
		"anvil_empress_support":10,
	},



"combatCapital":{
		"anvil_duchess_sniper":10,
		"anvil_duchess_assault":10,
		"anvil_empress_strike":5,
		"anvil_empress_support":7,
		"anvil_bastion_standard":10,
		"anvil_outlaw_standard":8,
		"anvil_outlaw_assault":10,
	},
 }