{
	"starSystem":"Ichor",
	"markets":[
		{
			"entities":["anvil_deluge"],
			"faction":"reaver",
			"size":6,
			"startingConditions":[
				"population_6",
				"jungle",
				"tectonic_activity",
				"hot",
				"inimical_biosphere",
				"ore_sparse",
				"farmland_bountiful",
			],
			"industries":[
				"population",
				"megaport",
				"farming",
				"refining",
				"grounddefenses",
				"militarybase",
				["orbitalworks", "corrupted_nanoforge"],
				"starfortress",
			],
		},
		{
			"entities":["anvil_heritage"],
			"faction":"reaver",
			"size":4,
			"startingConditions":[
				"no_atmosphere",
				"organized_crime",
				"volatiles_plentiful",
				"very_hot",
				"ore_moderate",
				"rare_ore_sparse",
				"population_4",
			],
			"industries":[
				"population",
				"spaceport",
				"anvil_lab",
				"mining",
				"fuelprod",
				"orbitalstation",
				"grounddefenses",
			],
		},
		{
			"entities":["anvil_exile"],
			"faction":"luddic_church",
			"size":4,
			"startingConditions":[
				"volatiles_diffuse",
				"ore_moderate",
				"vice_demand",
				"population_4",
			],
			"industries":[
				"population",
				"spaceport",
				"mining",
				"grounddefenses",
				"refining",
				"patrolhq",
				"orbitalstation",
			],
		},
	],


}



