name,id,tags,rarity,base price,stack size,cargo space,icon,sound id,sound id drop,plugin,plugin params,desc,order
Keruvim Shipyards Package,keruvim_package,package_bp,0.3,250000,1000,1,graphics/icons/cargo/blueprint_midline.png,ui_chip_pickup,ui_bp_package_drop,com.fs.starfarer.api.campaign.impl.items.MultiBlueprintItemPlugin,keruvim_bp,A set of blueprints that enables heavy industry to produce the mainline ships used by Keruvim Shipayrds,270
Keruvim Pride Package,keruvim_pride_package,package_bp,0.2,130000,1000,1,graphics/icons/cargo/blueprint_midline.png,ui_chip_pickup,ui_bp_package_drop,com.fs.starfarer.api.campaign.impl.items.MultiBlueprintItemPlugin,keruvim_pride_bp,A set of blueprints that enables heavy industry to produce the LGBT ships by Keruvim Shipayrds,270
Keruvim Exports Package,keruvim_export_package,package_bp,0.5,100000,1000,1,graphics/icons/cargo/blueprint_midline.png,ui_chip_pickup,ui_bp_package_drop,com.fs.starfarer.api.campaign.impl.items.MultiBlueprintItemPlugin,keruvim_export_bp,A set of blueprints that enables heavy industry to produce the ships exported by Keruvim Shipayrds,270
Reaver Blood Fleet Blueprints,keruvim_reaver_package,package_bp,0.3,200000,1000,1,graphics/icons/cargo/blueprint_lowtech.png,ui_chip_pickup,ui_bp_package_drop,com.fs.starfarer.api.campaign.impl.items.MultiBlueprintItemPlugin,reaver_bp,A set of blueprints that enables heavy industry to produce the ships Scared by The Reavers,270
