{


	"ANVIL":{
		"engineColor":[255, 81, 173,230],
		"contrailParticleSizeMult":3.0,
		"contrailParticleDuration":4.0,
		"contrailParticleFinalSizeMult":0,
		"contrailMaxSpeedMult":0.6,
		"contrailAngularVelocityMult":0.6,
		"contrailColor":[214,131,188,25],
		"type":"SMOKE"
	},

	"PIRATE_INC":{
		"engineColor":[66, 66, 66,190],
		"contrailParticleSizeMult":2.0,
		"contrailParticleDuration":5.0,
		"contrailParticleFinalSizeMult":0.4,
		"contrailMaxSpeedMult":0.8,
		"contrailAngularVelocityMult":0.6,
		"contrailColor":[156, 19, 19, 150],
		"type":"SMOKE"
	},

}