{
    "playableFaction":true,
    "corvusCompatible":true,
    "showIntelEvenIfDead":false,

    "rebelFleetSuffix":"Heretic",

    "marketSpawnWeight":1,

    "maxRelationships":{
        "new_galactic_order": -1.0
    },

	"factionsLiked":[
    		"pirates"],
    "factionsDisliked":[
                "new_galactic_order"],

    "diplomacyTraits":["law_and_order", "selfrighteous", "devious", "hates_ai"],
    "morality":"evil",
    "alignments":{
        "corporate":-1,
        "technocratic":-0.5,
        "militarist":0.5,
        "ideological":1,
    },


    "freeMarket":true,

    "miningVariantsOrWings":[],

    "colonyExpeditionChance":1,	# baseline expansion behaviour
    "colonyTargetValuator":"exerelin.campaign.colony.IndustrialColonyTargetValuator",


    "startShipsSolo":[
        ["keruvim_cutlass_assault"],
        ["keruvim_lasher_standard"],
    ],
    "startShipsCombatSmall":[
        "keruvim_hammerhead_assault",
        "keruvim_lasher_standard",
        "keruvim_cutlass_assault" 
],
    "startShipsCarrierSmall":[
        "keruvim_mule_standard", "keruvim_cerberus_standard", "keruvim_cerberus_standard"
    ],

    "startShipsCombatLarge":[
        "keruvim_cudgel_runner", "keruvim_hammerhead_standard", "keruvim_lasher_standard", "keruvim_cerberus_elite"
],
    "startShipsCarrierLarge":[
        "keruvim_dominator_elite",
        "keruvim_hammerhead_assault",
        "keruvim_lasher_standard",
        "keruvim_cerberus_standard"
    ],
    "startShipsGrandFleet":[[
        "keruvim_outlaw_standard",
        "keruvim_dominator_elite",
        "keruvim_dominator_standard",
        "keruvim_hammerhead_assault",
        "keruvim_mule_standard",
        "keruvim_mule_standard",
        "keruvim_cerberus_elite",
        "keruvim_lasher_standard",
        "keruvim_lasher_standard",
        "keruvim_cutlass_assault"]],


    "startSpecialItems":[
        [["keruvim_reaver_package", ""]],
    ],

    "defenceStations":[
        {"ids":["orbitalstation", "battlestation", "starfortress"]},
    ],

    "industrySeeds":[
        {"id":"orbitalworks", "count":1},
    ],
}