name,id,flux/second,f/s (base rate),f/s (base cap),flux/use,f/u (base rate),f/u (base cap),cr/u,max uses,regen,charge up,active,down,cooldown,toggle,noDissipation,noHardDissipation,hardFlux,noFiring,noTurning,noStrafing,noAccel,noShield,noVent,icon
Pride Drive,keruvim_charge,,,,,,,,,,1,5,1,8,,,TRUE,,,,,,,TRUE,graphics/icons/hullsys/maneuvering_jets.png
Degraded Ammo Feeder,keruvim_ammo,,,,,,,,,,1,4,1,12,,,,,,,,,,,graphics/icons/hullsys/ammo_feeder.png
Bulwark Charge,keruvim_fury,,,,,,,,,,2,6,1,15,,,,,,TRUE,TRUE,TRUE,TRUE,TRUE,graphics/icons/hullsys/burn_drive.png
Angel Wing Boosters,keruvim_wing,1,,,,,,,3,0.05,0.5,1.5,0.5,5,,,,,,,TRUE,TRUE,,TRUE,graphics/icons/hullsys/burn_drive.png
M21 Blaster Drones,keruvim_m21drone,,,,,,,,35,,0,,0,0,,,,,,,,,,,graphics/icons/hullsys/drone_pd_high.png