{


	"ANVIL":{
		"engineColor":[255, 81, 173,230],
		"contrailParticleSizeMult":3.0,
		"contrailParticleDuration":4.0,
		"contrailParticleFinalSizeMult":0,
		"contrailMaxSpeedMult":0.6,
		"contrailAngularVelocityMult":0.6,
		"contrailColor":[214,131,188,25],
		"type":"SMOKE"
	},

	"PIRATE_INC":{
		"engineColor":[66, 66, 66,180],
		"contrailParticleSizeMult":1,
		"contrailParticleDuration":8.0,
		"contrailParticleFinalSizeMult":0.1,
		"contrailMaxSpeedMult":1,
		"contrailAngularVelocityMult":0.5,
		"contrailColor":[128, 11, 10, 90],
		"type":"GLOW"
	},

}