name,id,designation,tech/manufacturer,system id,fleet pts,hitpoints,armor rating,max flux,8/6/5/4%,flux dissipation,ordnance points,fighter bays,max speed,acceleration,deceleration,max turn rate,turn acceleration,mass,shield type,defense id,shield arc,shield upkeep,shield efficiency,phase cost,phase upkeep,min crew,max crew,cargo,fuel,fuel/ly,range,max burn,base value,cr %/day,CR to deploy,peak CR sec,CR loss/sec,supplies/rec,supplies/mo,hints,tags,rarity,breakProb,minPieces,maxPieces,number
Beetle,anvil_beetle,,Anvil Industries,,,350,175,350,,90,0,,180,180,150,100,200,40,NONE,,0,0,0,,,0,0,,,,,,,,,,,,,,,,0,,,110
Talon (???),anvil_talon,,Pirate Inc.,,,240,35,450,,100,0,,305,400,300,150,300,12,NONE,,0,0,0,,,1,1,,,,,,,,,,,,,,,,0,,,100
M21 Blaster Drone,anvil_m21drone,,Keruvim Exports,,,200,70,500,,150,,,200,250,250,180,360,5,NONE,,,,,,,,,,,,,,,,,,,,,,,,0,,,0
,,,,,,,,,,,,,,,,,,,,,,,,,,,,,,,,,,,,,,,,,,,,,,
Spider,anvil_spider,,Keruvim Shipyards,,,300,70,600,,70,0,,310,300,250,200,180,30,NONE,,0,0,0,,,2,2,,,,,,,,,,,,,,,,0,,,103
Silkworm,anvil_silkworm,,Keruvim Shipyards,,,380,55,500,,100,0,,220,225,200,60,120,40,NONE,,0,0,0,,,1,1,,,,,,,,,,,,,,,,0,,,113
Flea,anvil_flea,,Keruvim Shipyards,,,250,40,200,,100,,,150,200,200,180,360,5,NONE,,,,,,,0,0,,,,,,,,,,,,,,,,0,,,1.5
Cicada,anvil_cicada,,Keruvim Exports,,,750,150,200,,25,0,,140,150,150,30,90,15,NONE,,0,0,0,,,1,1,,,,,,,,,,,,,,,,0,,,117
Antlion,anvil_antlion,,Keruvim Shipyards,,,500,100,200,,100,0,,140,75,75,45,90,50,NONE,,0,0,0,,,2,2,,,,,,,,,,,,,,,,0,,,108
Cricket,anvil_cricket,,Keruvim Shipyards,,,500,60,200,,50,0,,340,400,300,200,300,30,NONE,,0,0,0,,,1,1,,,,,,,,,,,,,,,,0,,,109
,,,,,,,,,,,,,,,,,,,,,,,,,,,,,,,,,,,,,,,,,,,,,,
Shotel,anvil_shotel,Frigate,Keruvim Shipyards,flarelauncher,5,2000,450,2800,1750,240,45,,135,110,90,45,60,200,OMNI,,70,0.5,0.7,,,30,55,45,25,1,25,10,11000,8,10,240,0.25,5,5,,keruvim_bp,,0.3,2,2,204
Flamberge,anvil_flamberge,Assault Shuttle,Keruvim Shipyards,maneuveringjets,4,1000,150,1600,1000,110,45,,155,70,60,50,40,120,FRONT,,120,0.5,1,,,15,30,10,10,0.5,15,10,20000,5,15,400,0.25,4,4,,keruvim_bp,,0.8,2,2,109
Axe,anvil_axe_a,Ultra-Light Carrier,Keruvim Shipyards,flarelauncher,5,1300,360,1500,2500,150,25,1,90,150,100,75,100,250,FRONT,,150,0.5,0.8,,,15,35,10,15,1,15,9,15000,8,10,300,0.25,5,5,CARRIER,keruvim_bp,,0.4,2,2,207
Axe Mk.II,anvil_axe_b,Light Gunship,Keruvim Shipyards,flarelauncher,4,1300,360,2500,2500,200,40,,120,180,120,80,120,250,FRONT,,150,0.5,0.8,,,20,35,25,20,1,20,9,10000,8,10,300,0.25,4,4,,keruvim_bp,,0.4,2,2,207
Cutlass,anvil_cutlass,EMP Frigate,Pirate Inc.,emp,6,800,200,2000,2500,180,35,,165,220,175,120,360,100,OMNI,,90,0.6,1,,,10,20,30,20,1,20,10,18000,10,20,180,0.25,5,5,,pirate_bp,,0.5,2,2,205
,,,,,,,,,,,,,,,,,,,,,,,,,,,,,,,,,,,,,,,,,,,,,,
Keg,anvil_keg,Combat Tanker,Keruvim Exports,damper,9,4900,700,2900,2500,150,60,,65,40,20,20,15,500,FRONT,,120,0.5,1,,,45,100,40,450,2,225,9,36000,5,10,420,0.25,7,7,"FREIGHTER, COMBAT",keruvim_export_bp,,0.5,2,3,310
Mortar,anvil_mortar,Destroyer,Keruvim Shipyards,flarelauncher,10,4000,250,5000,8333,300,95,,75,80,60,30,30,350,FRONT,,300,0.4,1.2,,,50,70,80,50,2,25,9,45000,5,15,300,0.25,11,11,,keruvim_bp,,0.5,2,3,301
Rapier,anvil_rapier,Frigate Killer,Luddic Path,maneuveringjets,10,4500,500,4600,1000,260,85,,85,65,45,55,40,450,FRONT,,270,0.4,0.8,,,45,90,75,60,2,30,8,45000,5,10,420,0.25,12,12,,path_bp,,0.5,2,5,300
Carrion,anvil_carrion,Combat Rig,Keruvim Exports,damper,6,4200,430,2700,2083,125,40,3,45,35,25,25,15,400,FRONT,,120,0.6,1,,,50,110,100,100,2,50,8,32000,5,20,420,0.25,6,6,"FREIGHTER, COMBAT",keruvim_export_bp,,0.5,2,3,306
Culverin,anvil_culverin,Missile Destroyer,Keruvim Shipyards,fastmissileracks,10,4600,480,3700,4167,250,100,,75,60,40,30,60,400,OMNI,,130,0.4,0.9,,,40,70,65,60,2,30,9,43000,5,12,360,0.25,11,11,,keruvim_bp,,0.5,2,3,300
Bandit,anvil_bandit,Pirate Destroyer,Pirate Inc.,burndrive,10,6100,700,4200,3333,300,70,1,70,55,20,30,20,500,FRONT,,160,0.4,0.9,,,55,100,75,90,2,45,9,40000,5,12,450,0.25,9,9,,pirate_bp,,0.3,2,3,303
Buccaneer,anvil_buccaneer,Light Carrier,Pirate Inc.,burndrive,10,3700,580,1700,1833,75,40,3,85,45,20,10,5,400,OMNI,,80,0.5,1.5,,,60,130,70,30,2,15,9,26000,5,10,360,0.25,10,10,CARRIER,pirate_bp,,0.5,2,3,302
Zweihander,anvil_zweihander_a,Destroyer,Keruvim Shipyards,anvil_wing,12,4400,460,4600,4167,350,100,1,85,55,40,30,45,400,FRONT,,250,0.4,0.9,,,60,125,45,30,2,15,8,45000,5,12,380,0.25,12,12,,keruvim_bp,,0.5,2,3,300
Zweihander Mk.II,anvil_zweihander_b,Destroyer,Keruvim Shipyards,anvil_wing,12,4400,460,6000,4167,350,110,,85,55,40,30,45,400,FRONT,,250,0.4,0.9,,,60,125,45,30,2,15,8,45000,5,12,380,0.25,12,12,,keruvim_bp,,0.5,2,3,300
Zweihander Mk.II (P),anvil_zweihander_p,Destroyer,Pirate Inc.,burndrive,12,4400,460,6000,4167,350,110,,80,55,40,30,45,400,FRONT,,250,0.4,0.9,,,60,125,45,30,2,15,8,45000,5,12,380,0.25,12,12,,pirate_bp,,0.5,2,3,300
,,,,,,,,,,,,,,,,,,,,,,,,,,,,,,,,,,,,,,,,,,,,,,
Chariot,anvil_chariot_a,Heavy Carrier,Keruvim Shipyards,anvil_wing,25,6000,700,4500,4000,200,95,4,45,20,40,10,20,1200,FRONT,,240,0.6,0.9,,,100,250,50,50,4,12,7,140000,4,12,480,0.25,25,25,CARRIER,keruvim_bp,,0.5,2,3,408
Chariot MK.II,anvil_chariot_b,Assault Cruiser,Keruvim Shipyards,anvil_wing,25,6000,800,9800,4000,600,160,1,45,20,40,10,20,1200,FRONT,,240,0.6,0.9,,,110,250,50,50,4,12,7,125000,4,12,480,0.25,25,25,,keruvim_bp,,0.5,2,3,408
Glaive,anvil_glaive,Line Cruiser,Keruvim Shipyards,damper,16,8000,1000,9500,10500,550,155,1,50,30,20,10,20,1200,FRONT,,230,0.5,0.7,,,170,350,150,100,4,40,8,130000,3,12,480,0.25,23,23,,keruvim_bp,,0.5,2,3,401
Cudgel,anvil_cudgel,Heavy Assault Cruiser,Pirate Inc.,burndrive,25,12000,950,11000,9000,650,170,,60,15,10,8,8,2250,OMNI,,150,0.7,1.1,,,260,500,90,350,5,70,7,105000,4,12,500,0.25,25,25,,pirate_bp,,0.6,2,3,404
Brute,anvil_brute,Pirate Rig,Pirate Inc.,damper,20,7400,1400,9500,9000,400,175,,35,20,10,12,12,2250,FRONT,,150,0.8,1.3,,,300,450,250,100,5,20,7,95000,4,12,450,0.25,20,20,,pirate_bp,,0.7,2,3,404
Ranger,anvil_ranger,Mining Hub,Keruvim Exports,anvil_m21drone,18,12000,1350,10000,4000,500,130,2,45,20,10,10,10,2000,OMNI,,90,0.6,1,,,230,350,250,100,4,40,8,129000,4,12,420,0.25,22,22,,keruvim_export_bp,,0.4,2,3,410
,,,,,,,,,,,,,,,,,,,,,,,,,,,,,,,,,,,,,,,,,,,,,,
Outlaw,anvil_outlaw,Battleship,Pirate Inc.,damper,26,16000,1700,18000,10000,700,315,2,65,15,5,5,5,3500,FRONT,,220,0.5,1,,,850,1700,350,400,15,27,6,280000,3,12,620,0.25,45,45,,rare_bp,,0.2,2,4,500
Lucerne,anvil_lucerne,Battleship,Anvil Industries,anvil_fury,65,23000,2150,23500,15000,1100,345,2,60,25,10,6,6,4400,NONE,,,,,,,110,250,550,500,15,33,7,320000,5,10,720,0.25,65,65,,,,0.1,2,2,500
Duchess,anvil_duchess,Battlecruiser,Keruvim Shipyards,anvil_wing,55,13000,900,18000,2900,1000,330,2,65,40,10,10,5,2700,FRONT,,190,0.5,0.9,,,370,500,450,300,10,30,7,330000,3,15,850,0.25,55,55,,rare_bp,,0.2,2,4,503
Empress,anvil_empress,Battlecarrier,Keruvim Shipyards,reservewing,45,15500,1100,18000,30000,900,340,4,50,20,15,12,20,3500,OMNI,,90,0.4,1,,,500,800,350,280,12,23,7,360000,3,20,600,0.25,45,45,,rare_bp,,0.5,2,4,503
Bastion,anvil_bastion,Command Rig,Keruvim Exports,damper,40,15500,900,16000,30000,800,230,3,40,20,15,8,10,3500,OMNI,,90,0.5,1.1,,,350,550,600,500,10,50,6,280000,3,20,600,0.25,40,40,,keruvim_export_bp,,0.6,2,4,503
,,,,,,,,,,,,,,,,,,,,,,,,,,,,,,,,,,,,,,,,,,,,,,
Culverin (Pride),anvil_culverin_lgbt,Missile Destroyer,Keruvim Shipyards,fastmissileracks,10,4600,480,3700,4167,250,100,,75,60,40,30,60,400,OMNI,,130,0.4,0.9,,,40,70,65,60,2,30,9,43000,5,12,360,0.25,11,11,HIDE_IN_CODEX,keruvim_pride_bp,,0.5,2,3,300
Zweihander (Pride),anvil_zweihander_lgbt,Destroyer,Keruvim Shipyards,anvil_wing,12,4400,460,4600,4167,350,100,1,85,55,40,30,45,400,FRONT,,250,0.4,0.9,,,60,125,45,30,2,15,8,45000,5,12,380,0.25,12,12,HIDE_IN_CODEX,keruvim_pride_bp,,0.5,2,3,300
Axe (Pride),anvil_axe_lgbt,Ultra-Light Carrier,Keruvim Shipyards,flarelauncher,5,1300,360,1500,2500,150,25,1,90,150,100,75,100,250,FRONT,,150,0.5,0.8,,,15,35,10,15,1,15,9,15000,8,10,300,0.25,5,5,"CARRIER, HIDE_IN_CODEX",keruvim_pride_bp,,0.4,2,2,207
Shotel (Pride),anvil_shotel_lgbt,Frigate,Keruvim Shipyards,flarelauncher,5,2000,450,2800,1750,240,45,,135,110,90,45,60,200,OMNI,,70,0.5,0.7,,,30,55,45,25,1,25,10,11000,8,10,240,0.25,5,5,HIDE_IN_CODEX,keruvim_pride_bp,,0.3,2,2,204
,,,,,,,,,,,,,,,,,,,,,,,,,,,,,,,,,,,,,,,,,,,,,,
,,,,,,,,,,,,,,,,,,,,,,,,,,,,,,,,,,,,,,,,,,,,,,