id,variant,tags,tier,rarity,fleet pts,op cost,formation,range,attackRunRange,attackPositionOffset,num,role,role desc,refit,base value,,,,,,,,,,,,,number
anvil_antlion,anvil_antlion_assault,"fighter4, drone, low, keruvim_bp",2,,5,12,BOX,4000,500,,4,FIGHTER,Heavy Drone,12,9500,,,,,,,,,,,,,17
anvil_flea,anvil_flea_support,"interceptor3, interceptor, low, keruvim_bp",0,,3,3,BOX,2000,500,,4,INTERCEPTOR,PD Drone,3,1500,,,,,,,,,,,,,18
anvil_cicada,anvil_cicada_assault,"bomber3, bomber, low, keruvim_export_bp",1,,5,20,V,4000,1500,600,2,BOMBER,Heavy Bomber,15,12000,,,,,,,,,,,,,10
anvil_silkworm,anvil_silkworm_bomber,"bomber3, bomber, low, keruvim_bp",1,,5,18,V,4000,1000,750,3,BOMBER,Support Bomber,16,8000,,,,,,,,,,,,,10
anvil_spider,anvil_spider_assault,"interceptor3, interceptor, high, keruvim_bp",2,,5,12,CLAW,4000,300,400,4,INTERCEPTOR,Interceptor,10,9000,,,,,,,,,,,,,7
anvil_cricket,anvil_cricket_assault,"fighter4, fighter, mid, keruvim_bp",0,,5,7,V,4000,450,300,3,FIGHTER,Fighter,9,7500,,,,,,,,,,,,,3
,,,,,,,,,,,,,,,,,,,,,,,,,,,,
anvil_beetle,anvil_beetle_support,"no_drop, no_sell, low",0,,5,4,V,2000,200,400,3,FIGHTER,Fighter Drone,10,2000,,,,,,,,,,,,,6
anvil_talon,anvil_talon_assault,"interceptor1, interceptor, no_drop, no_sell, low",0,,3,0,V,4000,200,600,5,INTERCEPTOR,Interceptor,6,3400,,,,,,,,,,,,,6